"";"Domain";"Frequency"
"1";"twitter.com";21571
"2";"paper.li";265
"3";"youtu.be";195
"4";"www.theguardian.com";91
"5";"www.nytimes.com";71
"6";"www.lightandcomposition.com";70
"7";"www.cjr.org";61
"8";"www.reddit.com";46
"9";"www.youtube.com";45
"10";"www.holdthefrontpage.co.uk";44
"11";"www.washingtonpost.com";44
"12";"nyti.ms";40
"13";"www.journalism.co.uk";39
"14";"www.instagram.com";33
"15";"twib.in";31
"16";"medium.com";27
"17";"goo.gl";25
"18";"www.cnn.com";25
"19";"link.medium.com";24
"20";"www.foxnews.com";24
"21";"www.facebook.com";23
"22";"www.niemanlab.org";22
"23";"tinyurl.com";21
"24";"bit.ly";19
"25";"tweetedtimes.com";18
"26";"www.poynter.org";18
"27";"www.google.com";17
"28";"www.westernjournal.com";17
"29";"tg-editor-proofreader.blogspot.com";16
"30";"www.theatlantic.com";16
"31";"www.bbc.co.uk";15
"32";"www.forbes.com";15
"33";"apnews.com";14
"34";"apple.news";14
"35";"www.journalismjobs.com";14
"36";"www.americanthinker.com";13
"37";"www.newyorker.com";13
"38";"www.unionjournalism.com";13
"39";"ift.tt";12
"40";"womenspowerbook.org";12
"41";"www.bbc.com";12
"42";"www.breitbart.com";12
"43";"lnkd.in";11
"44";"media.info";11
"45";"nypost.com";11
"46";"www.pressgazette.co.uk";11
"47";"www.thedailybeast.com";11
"48";"journalism-now.co.uk";10
"49";"nie.mn";10
"50";"theweek.com";10
"51";"townhall.com";10
"52";"www.americanpressinstitute.org";10
"53";"www.huffpost.com";10
"54";"www.wired.com";10
"55";"interc.pt";9
"56";"theconversation.com";9
"57";"wapo.st";9
"58";"wp.me";9
"59";"www.crimeandmoreworld.com";9
"60";"www.nbcnews.com";9
"61";"www.newsweek.com";9
"62";"www.thetimes.co.uk";9
"63";"www.vox.com";9
"64";"www.wsj.com";9
"65";"freebeacon.com";8
"66";"pjmedia.com";8
"67";"thefederalist.com";8
"68";"theintercept.com";8
"69";"www.independent.co.uk";8
"70";"beforeitsnews.com";7
"71";"chng.it";7
"72";"digiday.com";7
"73";"fxn.ws";7
"74";"nzzl.us";7
"75";"stellanwofia.blogspot.com";7
"76";"thenextweb.com";7
"77";"tmblr.co";7
"78";"www.axios.com";7
"79";"www.dailykos.com";7
"80";"www.dailymaverick.co.za";7
"81";"www.gofundme.com";7
"82";"www.latimes.com";7
"83";"www.rawstory.com";7
"84";"facebook.com";6
"85";"hixposure.co.uk";6
"86";"ijnet.org";6
"87";"indianexpress.com";6
"88";"j.mp";6
"89";"m.youtube.com";6
"90";"time.com";6
"91";"www.abc.net.au";6
"92";"www.cbc.ca";6
"93";"www.linkedin.com";6
"94";"www.nationalreview.com";6
"95";"www.profkrg.com";6
"96";"www.pscp.tv";6
"97";"www.reuters.com";6
"98";"buff.ly";5
"99";"consortiumnews.com";5
"100";"dailycaller.com";5
"101";"edition.cnn.com";5
"102";"is.gd";5
"103";"peterpereira.com";5
"104";"shar.es";5
"105";"slate.com";5
"106";"techcrunch.com";5
"107";"thewire.in";5
"108";"tom-gillispie.blogspot.com";5
"109";"twitchy.com";5
"110";"www.effiedeans.com";5
"111";"www.kickstarter.com";5
"112";"www.mirror.co.uk";5
"113";"www.realclearpolitics.com";5
"114";"www.searchenginejournal.com";5
"115";"www.smh.com.au";5
"116";"www.theblaze.com";5
"117";"www.thestar.com";5
"118";"www.vice.com";5
"119";"www.zerohedge.com";5
"120";"a.msn.com";4
"121";"abcnews.go.com";4
"122";"amzn.to";4
"123";"blogs.lse.ac.uk";4
"124";"dankennedy.net";4
"125";"en.wikipedia.org";4
"126";"gijn.org";4
"127";"hackernoon.com";4
"128";"ludo.mottini.org";4
"129";"m.beforeitsnews.com";4
"130";"mailchi.mp";4
"131";"mashable.com";4
"132";"mobile.twitter.com";4
"133";"mondaynote.com";4
"134";"qz.com";4
"135";"redstate.com";4
"136";"rsf.org";4
"137";"scroll.in";4
"138";"sharylattkisson.com";4
"139";"shyamalbhattacharjee.blogspot.com";4
"140";"unherd.com";4
"141";"viewfromthepugh.club";4
"142";"washex.am";4
"143";"www.bloomberg.com";4
"144";"www.brighteon.com";4
"145";"www.buzzfeednews.com";4
"146";"www.crikey.com.au";4
"147";"www.investors.com";4
"148";"www.miamiherald.com";4
"149";"www.ndtv.com";4
"150";"www.newsbusters.org";4
"151";"www.npr.org";4
"152";"www.politico.com";4
"153";"www.redstate.com";4
"154";"www.stuff.co.nz";4
"155";"www.tandfonline.com";4
"156";"www.theglobeandmail.com";4
"157";"www.thequint.com";4
"158";"www.thesun.co.uk";4
"159";"7news.com.au";3
"160";"babylonbee.com";3
"161";"bbc.in";3
"162";"bylinetimes.com";3
"163";"cointelegraph.com";3
"164";"cpj.org";3
"165";"curiouscat.me";3
"166";"curiouscat.qa";3
"167";"dcwitness.org";3
"168";"dld.bz";3
"169";"docs.google.com";3
"170";"fair.org";3
"171";"gab.com";3
"172";"go.shr.lc";3
"173";"iranfreedom.org";3
"174";"journalistsresource.org";3
"175";"justthenews.com";3
"176";"melmagazine.com";3
"177";"newrepublic.com";3
"178";"nymag.com";3
"179";"open.spotify.com";3
"180";"opportunitydesk.org";3
"181";"podcasts.apple.com";3
"182";"popular.info";3
"183";"pressrun.media";3
"184";"redef.it";3
"185";"scholarworks.sjsu.edu";3
"186";"sky-news.co.uk";3
"187";"spectator.us";3
"188";"support.theguardian.com";3
"189";"theathletic.com";3
"190";"thehill.com";3
"191";"torontosun.com";3
"192";"twinybots.ch";3
"193";"upflow.co";3
"194";"video.foxnews.com";3
"195";"whatsnewinpublishing.com";3
"196";"www.alternet.org";3
"197";"www.bustle.com";3
"198";"www.cnbc.com";3
"199";"www.commondreams.org";3
"200";"www.dailymail.co.uk";3
"201";"www.dailywire.com";3
"202";"www.economist.com";3
"203";"www.icfj.org";3
"204";"www.newstatesman.com";3
"205";"www.newsworks.org.uk";3
"206";"www.nydailynews.com";3
"207";"www.rt.com";3
"208";"www.smore.com";3
"209";"www.telegraph.co.uk";3
"210";"www.thegatewaypundit.com";3
"211";"www.thenation.com";3
"212";"www.theshovel.com.au";3
"213";"www.usatoday.com";3
"214";"www.washingtonexaminer.com";3
"215";"zpr.io";3
"216";"2m3.it";2
"217";"99-percent.org";2
"218";"actionnetwork.org";2
"219";"aje.io";2
"220";"algonquintimes.com";2
"221";"amp.theguardian.com";2
"222";"apimagesblog.com";2
"223";"arstechnica.com";2
"224";"b.sc";2
"225";"bellacaledonia.org.uk";2
"226";"blackltdradio.out.airtime.pro";2
"227";"blog.bdnews24.com";2
"228";"blogs.microsoft.com";2
"229";"businessjournalism.org";2
"230";"bwnews.pr";2
"231";"caj.ca";2
"232";"checkout.fundjournalism.org";2
"233";"chicago.eater.com";2
"234";"childrenshealthdefense.org";2
"235";"contentinsights.com";2
"236";"coruzant.com";2
"237";"cstu.io";2
"238";"cutt.ly";2
"239";"daily.jstor.org";2
"240";"datajournalism.com";2
"241";"declarationofopinion.wordpress.com";2
"242";"disq.us";2
"243";"dlvr.it";2
"244";"doingbusiness.ca";2
"245";"earthjournalism.net";2
"246";"eduprojecttopics.com";2
"247";"eepurl.com";2
"248";"features.propublica.org";2
"249";"fipp.com";2
"250";"flip.it";2
"251";"globalnews.ca";2
"252";"godfatherpolitics.com";2
"253";"hmp.news";2
"254";"home.kred";2
"255";"hrld.us";2
"256";"hyperallergic.com";2
"257";"infl.tv";2
"258";"insider.foxnews.com";2
"259";"j-source.ca";2
"260";"jenke.rs";2
"261";"jobs.reachplc.com";2
"262";"johnpilger.com";2
"263";"jonathanturley.org";2
"264";"journalism.columbia.edu";2
"265";"journalism.nyu.edu";2
"266";"journalstar.com";2
"267";"kenyandigest.com";2
"268";"kevin.lexblog.com";2
"269";"m.imdb.com";2
"270";"massmediang.com";2
"271";"mediacareerng.org";2
"272";"metro.co.uk";2
"273";"mlk50.com";2
"274";"monkeyviral.com";2
"275";"newrightnetwork.com";2
"276";"news.agu.org";2
"277";"news.slashdot.org";2
"278";"news.ycombinator.com";2
"279";"newsroompost.com";2
"280";"newsthump.com";2
"281";"niemanreports.org";2
"282";"npx.me";2
"283";"nytimes.wd5.myworkdayjobs.com";2
"284";"onemanandhisblog.com";2
"285";"opportunities-for-youth.blogspot.com";2
"286";"opportunitiesforyoungkenyans.co.ke";2
"287";"pages.razorpay.com";2
"288";"petapixel.com";2
"289";"po.st";2
"290";"politi.co";2
"291";"pressthink.org";2
"292";"qoo.ly";2
"293";"rabble.ca";2
"294";"reutersinstitute.politics.ox.ac.uk";2
"295";"robotwritersai.com";2
"296";"rover.ebay.com";2
"297";"rumble.com";2
"298";"rviv.ly";2
"299";"sabrangindia.in";2
"300";"silive.com";2
"301";"skwawkbox.org";2
"302";"soundcloud.com";2
"303";"splinternews.com";2
"304";"sputniknews.com";2
"305";"taibbi.substack.com";2
"306";"terratopi.roflclub.asia";2
"307";"thecrackden.com";2
"308";"thefreethoughtproject.com";2
"309";"thewalrus.ca";2
"310";"threadreaderapp.com";2
"311";"tiljournalism.com";2
"312";"tr.news";2
"313";"tracking.feedpress.it";2
"314";"trib.it";2
"315";"u.afp.com";2
"316";"uktopnews.com";2
"317";"urq.me";2
"318";"ussanews.com";2
"319";"variety.com";2
"320";"venturebeat.com";2
"321";"video.emergeheart.info";2
"322";"vimeo.com";2
"323";"washingtonmonthly.com";2
"324";"wfpl.org";2
"325";"www.afr.com";2
"326";"www.aier.org";2
"327";"www.aim.org";2
"328";"www.aipsmedia.com";2
"329";"www.amazon.com";2
"330";"www.analyticsinsight.net";2
"331";"www.arabnews.com";2
"332";"www.aspenjournalism.org";2
"333";"www.azcentral.com";2
"334";"www.biginternships.com";2
"335";"www.blogbookmark.com";2
"336";"www.bnnbloomberg.ca";2
"337";"www.bristolpost.co.uk";2
"338";"www.businesslive.co.za";2
"339";"www.canada.ca";2
"340";"www.centerforhealthjournalism.org";2
"341";"www.city-journal.org";2
"342";"www.codepink.org";2
"343";"www.coloradoindependent.com";2
"344";"www.dallasnews.com";2
"345";"www.devonlive.com";2
"346";"www.entrepreneur.com";2
"347";"www.esquire.com";2
"348";"www.euronews.com";2
"349";"www.eurozine.com";2
"350";"www.eventbrite.com";2
"351";"www.express.co.uk";2
"352";"www.ft.com";2
"353";"www.greaterkashmir.com";2
"354";"www.heraldscotland.com";2
"355";"www.hindustantimes.com";2
"356";"www.huffingtonpost.com";2
"357";"www.hypebot.com";2
"358";"www.icij.org";2
"359";"www.illinoistimes.com";2
"360";"www.inquirer.com";2
"361";"www.irishtimes.com";2
"362";"www.itv.com";2
"363";"www.jantakareporter.com";2
"364";"www.jeadigitalmedia.org";2
"365";"www.lnk.xyz";2
"366";"www.malheurenterprise.com";2
"367";"www.mediaite.com";2
"368";"www.mediamatters.org";2
"369";"www.mintpressnews.com";2
"370";"www.motherjones.com";2
"371";"www.msn.com";2
"372";"www.muckrock.com";2
"373";"www.netheatregeek.com";2
"374";"www.newsclick.in";2
"375";"www.newsmatch.org";2
"376";"www.nj.com";2
"377";"www.opindia.com";2
"378";"www.patreon.com";2
"379";"www.pewresearch.org";2
"380";"www.philly.com";2
"381";"www.plow.io";2
"382";"www.pressclubinstitute.org";2
"383";"www.pressherald.com";2
"384";"www.propublica.org";2
"385";"www.ragan.com";2
"386";"www.rightjournalism.com";2
"387";"www.salon.com";2
"388";"www.sbs.com.au";2
"389";"www.scotsman.com";2
"390";"www.sfchronicle.com";2
"391";"www.silive.com";2
"392";"www.spj.org";2
"393";"www.stltoday.com";2
"394";"www.surveymonkey.co.uk";2
"395";"www.swarmapp.com";2
"396";"www.tampabay.com";2
"397";"www.theblogger.in";2
"398";"www.thebureauinvestigates.com";2
"399";"www.thecanary.co";2
"400";"www.thecollegefix.com";2
"401";"www.thedrum.com";2
"402";"www.thehindu.com";2
"403";"www.themarshallproject.org";2
"404";"www.thenational.ae";2
"405";"www.thepostmillennial.com";2
"406";"www.thesouthafrican.com";2
"407";"www.thetriangle.org";2
"408";"www.thewrap.com";2
"409";"www.trtworld.com";2
"410";"www.vanityfair.com";2
"411";"www.voanews.com";2
"412";"www.vulture.com";2
"413";"www.walkleys.com";2
"414";"www.washingtontimes.com";2
"415";"www.weforum.org";2
"416";"www.welt.de";2
"417";"www.wnd.com";2
"418";"www.yahoo.com";2
"419";"www.yang2020.com";2
"420";"1.so";1
"421";"1843m.ag";1
"422";"234radio.com";1
"423";"3.wearethecity.in";1
"424";"53eig.ht";1
"425";"972mag.com";1
"426";"abc7amarillo.com";1
"427";"abqjournal.com";1
"428";"academiccommons.columbia.edu";1
"429";"academicjobsonline.org";1
"430";"acme-ug.org";1
"431";"act.sierraclub.org";1
"432";"adairbook";1
"433";"addokmedia.blogspot.com";1
"434";"admission.mipsedu.co.in";1
"435";"adweek.it";1
"436";"aecnewstoday.com";1
"437";"afeelappeal.com";1
"438";"africa.businessinsider.com";1
"439";"africacheck.org";1
"440";"ago.you";1
"441";"aidaily.co.uk";1
"442";"al.com";1
"443";"alangeere.blogspot.com";1
"444";"alanpoirier.com";1
"445";"aldianews.com";1
"446";"alexanderhenke";1
"447";"almon.co";1
"448";"alternet.org";1
"449";"alwaysexploringtheadventure.wordpress.com";1
"450";"amazon.com";1
"451";"amdf-centre.org";1
"452";"americanmilitarynews.com";1
"453";"amp.businessinsider.com";1
"454";"amp.cnn.com";1
"455";"amp.usatoday.com";1
"456";"anayemeni.net";1
"457";"ancnewsworld.com";1
"458";"andykopsa.com";1
"459";"angelfox1";1
"460";"anj.om";1
"461";"anmnews.in";1
"462";"annenberg.usc.edu";1
"463";"aparnakadari.wordpress.com";1
"464";"apexnews.com.ng";1
"465";"apli.us";1
"466";"apne.ws";1
"467";"app.independent.co.uk";1
"468";"arab.news";1
"469";"archive.org";1
"470";"archive.vn";1
"471";"arkansasspj.org";1
"472";"arthist.net";1
"473";"au.pcmag.com";1
"474";"audioboom.com";1
"475";"auspoldaily.com";1
"476";"awardscircuit.com";1
"477";"aweber.com";1
"478";"axios.com";1
"479";"badassdatascience.com";1
"480";"bangladesh.timesofnews.com";1
"481";"baschuna.com";1
"482";"bastiatnewsnetwork.com";1
"483";"bbc.com";1
"484";"beat.10ztalk.com";1
"485";"befarmed.wordpress.com";1
"486";"berkeleybeacon.com";1
"487";"bernardgoldberg.com";1
"488";"best.photography";1
"489";"bestcollegesonline.com";1
"490";"bestmediainfo.com";1
"491";"beta.washingtonpost.com";1
"492";"bhive.nectar.social";1
"493";"bioengineer.org";1
"494";"bitfirm.co";1
"495";"bizcom.to";1
"496";"blackamericaweb.com";1
"497";"blackbag.gawker.com";1
"498";"blackballmedia.ca";1
"499";"bleacherreport.com";1
"500";"blockboard.net";1
"501";"blog.apaonline.org";1
"502";"blog.credo.com";1
"503";"blog.google";1
"504";"blog.modernmechanix.com";1
"505";"blog.photoshelter.com";1
"506";"blog.wan-ifra.org";1
"507";"blogs.ei.columbia.edu";1
"508";"blogs.timesofisrael.com";1
"509";"bloomberg.com";1
"510";"boards.greenhouse.io";1
"511";"bonbonlifestylewebazine.com";1
"512";"bongino.com";1
"513";"bookcertainmedia.blogspot.com";1
"514";"bos.gl";1
"515";"brechincity.com";1
"516";"bridgesforfreedom.media";1
"517";"broadcastdialogue.com";1
"518";"brook.gs";1
"519";"business.3due.uno";1
"520";"business.financialpost.com";1
"521";"businessmirror.com.ph";1
"522";"bustatroll.org";1
"523";"buzzmachine.com";1
"524";"ca-news-forum.com";1
"525";"cada.at";1
"526";"caitlinjohnstone.com";1
"527";"camdennewjournal.com";1
"528";"campusreform.org";1
"529";"canada.ca";1
"530";"cannabisnewsworld.com";1
"531";"capechameleon.co.za";1
"532";"caravan.ma";1
"533";"caravanmagazine.in";1
"534";"careershub.bbc.co.uk";1
"535";"careertsunami.com";1
"536";"carleton.ca";1
"537";"catholicherald.co.uk";1
"538";"cbiz.us";1
"539";"celebrity-news.pw";1
"540";"celebspics2.space";1
"541";"change.org";1
"542";"charedverschuur.com";1
"543";"checkout.pe.com";1
"544";"chicago.cbslocal.com";1
"545";"chicago.suntimes.com";1
"546";"chinalawandpolicy.com";1
"547";"chm.tbe.taleo.net";1
"548";"christopherwink";1
"549";"chrome.google.com";1
"550";"chroniclevitae.com";1
"551";"cirebon.tribunnews.com";1
"552";"citywatchng.com";1
"553";"clas.uiowa.edu";1
"554";"cleveland.com";1
"555";"click1.twitchymail.com";1
"556";"clickongh.net";1
"557";"clubofmozambique.com";1
"558";"clubsocialworld.blogspot.com";1
"559";"clutchpoints.com";1
"560";"cnn.it";1
"561";"cnsnews.com";1
"562";"collegesrank.com";1
"563";"coloradosun.com";1
"564";"comicbook.com";1
"565";"communitynewspapers.com";1
"566";"congratulationspinetree.blogspot.com";1
"567";"connecticutspj.org";1
"568";"conservativefighters.org";1
"569";"contently.com";1
"570";"contentmarketinginstitute.com";1
"571";"coolestcloud.com";1
"572";"coolsciencedad.blogspot.com";1
"573";"cornwallreports.co.uk";1
"574";"coronavirussupply.press";1
"575";"correspondent.afp.com";1
"576";"cosun.co";1
"577";"couponscorpion.com";1
"578";"covid19behindbars.com";1
"579";"craigcieplikblog.wordpress.com";1
"580";"crfrm.us";1
"581";"cryptopanic.com";1
"582";"cryptoslate.com";1
"583";"cryptosonline.com";1
"584";"csmonitor.com";1
"585";"cwt.smh.re";1
"586";"daily-cyprus.com";1
"587";"dailyegyptian.com";1
"588";"dailygazette.com";1
"589";"dailyillini.com";1
"590";"dailynewsgh.com";1
"591";"dailysign.al";1
"592";"dailytorch.com";1
"593";"dailytrust.com";1
"594";"danoneickenrohtslifeblogjournalism.blogspot.com";1
"595";"datajournalismjobs.com";1
"596";"davidhencke.com";1
"597";"davidswanson.org";1
"598";"daylightreporters.com";1
"599";"dbknews.com";1
"600";"dcist.com";1
"601";"deadline.com";1
"602";"degrees.in";1
"603";"dennisearl.wordpress.com";1
"604";"desmoinesguide.com";1
"605";"digitalmedianet.com";1
"606";"discourseblog.substack.com";1
"607";"dissentwatch.com";1
"608";"djhjmedia.com";1
"609";"dmlnewsapp.com";1
"610";"domain.com.au";1
"611";"donalcarrollhack.video.blog";1
"612";"donate.propublica.org";1
"613";"donatenow.networkforgood.org";1
"614";"donsurber.blogspot.com";1
"615";"dracactivism.com";1
"616";"drc.jobrat.net";1
"617";"drewmagary.kinja.com";1
"618";"drumsintheglobalvillage.com";1
"619";"dublininquirer.com";1
"620";"ducksoap.wordpress.com";1
"621";"dx.doi.org";1
"622";"e-news.us";1
"623";"earwolf.com";1
"624";"ebonymediagist.com";1
"625";"economichardship.org";1
"626";"ecs.page.link";1
"627";"edu-active.com";1
"628";"eduindexnews.com";1
"629";"elderofziyon.blogspot.com";1
"630";"electronicintifada.net";1
"631";"elombah.com";1
"632";"elpais.com";1
"633";"en.ejo.ch";1
"634";"en.m.wikipedia.org";1
"635";"en24.news";1
"636";"english.dcnepal.com";1
"637";"english.khabarhub.com";1
"638";"enrjobsboard.org";1
"639";"entertainmentmedianews.net";1
"640";"epaper.dawn.com";1
"641";"essentials.news";1
"642";"etsy.me";1
"643";"eu.smh.re";1
"644";"everestgotomedia.blogspot.com";1
"645";"everythingabouteducation.net";1
"646";"evolvepolitics.com";1
"647";"ewn.co.za";1
"648";"expertphotography.com";1
"649";"expertreviews.co.uk";1
"650";"ez-tango.com";1
"651";"fairpress.ca";1
"652";"fedgeno.com";1
"653";"feliciablair.wordpress.com";1
"654";"feminisminindia.com";1
"655";"filmdaily.co";1
"656";"filtermag.org";1
"657";"finance.townhall.com";1
"658";"finance.yahoo.com";1
"659";"firenewsfeed.com";1
"660";"firstplacelibrarybook.blogspot.com";1
"661";"fivethirtyeight.com";1
"662";"fm.hunter.cuny.edu";1
"663";"follow.best";1
"664";"forbiddenstories.org";1
"665";"forms.gle";1
"666";"fortune.com";1
"667";"foundersafrica.com";1
"668";"france.timesofnews.com";1
"669";"friends.ca";1
"670";"ft.com";1
"671";"ftw.usatoday.com";1
"672";"fullfact.org";1
"673";"futuresport.libsyn.com";1
"674";"g.co";1
"675";"garymoorephotography.com";1
"676";"gatefield.co";1
"677";"gazette.com";1
"678";"gellerreport.com";1
"679";"gerd.fm";1
"680";"getpocket.com";1
"681";"gf.me";1
"682";"gfmd.info";1
"683";"ghanasummary.com";1
"684";"gist.github.com";1
"685";"gitcoin.co";1
"686";"gjsentinel.com";1
"687";"globalnewspakistan.com";1
"688";"globaltribune.in";1
"689";"globalupfront.com";1
"690";"gobnewsonline.com";1
"691";"godaddyworld.com";1
"692";"goglobalm.com";1
"693";"goingdeepwithaaron.libsyn.com";1
"694";"golden1980.blogspot.com";1
"695";"goodreads.com";1
"696";"google.com";1
"697";"googletrends.online";1
"698";"googleweblight.com";1
"699";"gothamist.com";1
"700";"grassrootjournalist.org";1
"701";"graziadaily.co.uk";1
"702";"greenwald.substack.com";1
"703";"grist.org";1
"704";"gumshoenews.com";1
"705";"h1t.tv";1
"706";"hackerfall.com";1
"707";"hackinginquiry.org";1
"708";"haleighshope.com";1
"709";"happyantipodean.blogspot.com";1
"710";"hardrockhaven.net";1
"711";"harlowharrier.co.uk";1
"712";"hazaldursun.wordpress.com";1
"713";"heated.world";1
"714";"hedgeaccordingly.com";1
"715";"helenair.com";1
"716";"herald.dawn.com";1
"717";"highplainsblogger.com";1
"718";"himcomindia.blogspot.com";1
"719";"historyreviewed.com";1
"720";"hotair.com";1
"721";"hsjmc.umn.edu";1
"722";"hubs.ly";1
"723";"huffp.st";1
"724";"hukum.blog";1
"725";"human-as-media.com";1
"726";"humansarefree.com";1
"727";"huntforliberty.com";1
"728";"huppdaily.blogspot.com";1
"729";"hypervocal.com";1
"730";"ico.org.uk";1
"731";"idiallo.com";1
"732";"igg.me";1
"733";"images.app.goo.gl";1
"734";"imissgrantland.com";1
"735";"inari.livefeuer.info";1
"736";"inc42.com";1
"737";"indiewatch.net";1
"738";"indyweek.com";1
"739";"inews.co.uk";1
"740";"infographics.economist.com";1
"741";"inkl.com";1
"742";"ino.to";1
"743";"insights.newscred.com";1
"744";"instagram.com";1
"745";"inthesetimes.com";1
"746";"invisible.institute";1
"747";"io9.gizmodo.com";1
"748";"ios-today.com";1
"749";"iranian.com";1
"750";"isaacmorehouse.com";1
"751";"issuu.com";1
"752";"itsalljournalism.com";1
"753";"japantoday.com";1
"754";"jaws.org";1
"755";"jhiblog.org";1
"756";"jnb1012.wixsite.com";1
"757";"jobs.politico.eu";1
"758";"jobsearchit.com";1
"759";"jobsvacancy.in";1
"760";"joe.ie";1
"761";"join.dallasnews.com";1
"762";"jonathanofft.wordpress.com";1
"763";"jou3002.wordpress.com";1
"764";"journalism.co.uk";1
"765";"journalism.london";1
"766";"journalismdesign.com";1
"767";"journalismresearchnews.org";1
"768";"journalist.you";1
"769";"journalisten.no";1
"770";"journalng.wordpress.com";1
"771";"jpbroadcast.com";1
"772";"jump-online.website";1
"773";"justcallmestew.files.wordpress.com";1
"774";"kappanonline.org";1
"775";"kbaradaran1998.medium.com";1
"776";"kcrw.co";1
"777";"kellietranter.com";1
"778";"kerrybarrettconsulting.com";1
"779";"kevcoy.com";1
"780";"khusoko.com";1
"781";"kingwebmedia.blogspot.com";1
"782";"kitaab.org";1
"783";"kjebusiness.com";1
"784";"knightcenter.utexas.edu";1
"785";"knightlab.northwestern.edu";1
"786";"kotaku.com";1
"787";"kottke.org";1
"788";"kpcc.org";1
"789";"kristopherlovell.com";1
"790";"labourlist.org";1
"791";"laist.com";1
"792";"lareviewofbooks.org";1
"793";"latguild.com";1
"794";"launch.blendle.com";1
"795";"lauraloomer.us";1
"796";"law.justia.com";1
"797";"leighgbankspreservationsociety.blog";1
"798";"leveron.net";1
"799";"lgbtbizhub.wordpress.com";1
"800";"libertylol.com";1
"801";"lifeontheanthill.blog";1
"802";"limitations.in";1
"803";"lindenlink.com";1
"804";"linktr.ee";1
"805";"liquidnewsroom.com";1
"806";"livewire.thewire.in";1
"807";"localnewslab.org";1
"808";"longreads.com";1
"809";"lttr.ai";1
"810";"lukaetoile.wordpress.com";1
"811";"lukewarmgames.com";1
"812";"m-net.dstv.com";1
"813";"m.facebook.com";1
"814";"m.koreaherald.com";1
"815";"m.phnompenhpost.com";1
"816";"m.thewire.in";1
"817";"macshieldonline.com";1
"818";"magaoneradio.net";1
"819";"maktoobmedia.com";1
"820";"markaseyb.blogspot.com";1
"821";"marker.medium.com";1
"822";"mastermindexhibition.blogspot.com";1
"823";"matt-maggio.com";1
"824";"mediaallocate.blogspot.com";1
"825";"mediaengagement.org";1
"826";"mediagazer.com";1
"827";"mediaobserver.co.ke";1
"828";"mediapdf.info";1
"829";"medicinehatnews.com";1
"830";"medkit.info";1
"831";"meetr.in";1
"832";"members.tortoisemedia.com";1
"833";"membership.latimes.com";1
"834";"memozing.com";1
"835";"mentalfloss.com";1
"836";"mercadomagico.com.ve";1
"837";"mfi-miami.com";1
"838";"mg.co.za";1
"839";"microsites.bournemouth.ac.uk";1
"840";"minnesota.cbslocal.com";1
"841";"mistralkdawn.blogspot.com";1
"842";"mjpmin.blogspot.com";1
"843";"mm4a.org";1
"844";"mobile.ghanaweb.com";1
"845";"moguldom.com";1
"846";"monadnockbuylocal.wildapricot.org";1
"847";"monocle.com";1
"848";"morningstaronline.co.uk";1
"849";"mountaintoplibrarybook.blogspot.com";1
"850";"mtr.cool";1
"851";"muknightwatch.com";1
"852";"muut.com";1
"853";"mwfelbein.wixsite.com";1
"854";"my.hilbert.edu";1
"855";"mycolumbusmagic.com";1
"856";"mylvrj.com";1
"857";"nahjcareers.org";1
"858";"naijtimes.com";1
"859";"narratively.com";1
"860";"nation.africa";1
"861";"nationalfile.com";1
"862";"nazar.substack.com";1
"863";"nbcnews.to";1
"864";"neonnettle.com";1
"865";"netsclix.site";1
"866";"netsmp.com";1
"867";"neurons.ai";1
"868";"newhouse.syr.edu";1
"869";"news.allaboutjazz.com";1
"870";"news.cgtn.com";1
"871";"news.cheap";1
"872";"news.com.au";1
"873";"news.deepfind.org";1
"874";"news.economicfreedomfighters.org";1
"875";"news.gab.com";1
"876";"news.iobanker.com";1
"877";"news.jrn.msu.edu";1
"878";"news.splendidpsyche.com";1
"879";"news.statetimes.in";1
"880";"news.stlpublicradio.org";1
"881";"news.yahoo.com";1
"882";"news24.com";1
"883";"news89.net";1
"884";"newsd.in";1
"885";"newsdeskinternational.wordpress.com";1
"886";"newsdiaryonline.com";1
"887";"newshuntdaily.in";1
"888";"newsinfo.inquirer.net";1
"889";"newslaundry.com";1
"890";"newsok.com";1
"891";"newspunch.com";1
"892";"newsroom24x7.com";1
"893";"newstarget.com";1
"894";"newstrandblog.wordpress.com";1
"895";"newstube.co.in";1
"896";"newswire.bamfas.com";1
"897";"newyork.7a7.info";1
"898";"nextcity.org";1
"899";"nextgomedia.blogspot.com";1
"900";"nigerianewspapersonline.net";1
"901";"nightfallnews.com";1
"902";"nj.com";1
"903";"nomoremister.blogspot.com";1
"904";"nonprofitquarterly.org";1
"905";"notcomingslowpk.blogspot.com";1
"906";"nouse.co.uk";1
"907";"npo.networkforgood.org";1
"908";"nurmediabook.blogspot.com";1
"909";"nzh.tw";1
"910";"ojs.labcom-ifp.ubi.pt";1
"911";"okt.to";1
"912";"on.ft.com";1
"913";"on.inc.com";1
"914";"onfs.net";1
"915";"onkweb.com";1
"916";"onlyinbridgeport.com";1
"917";"onsvisual.github.io";1
"918";"opendatascience.com";1
"919";"openquotes.github.io";1
"920";"opiniontoday.com";1
"921";"opportunityvenue.com";1
"922";"oppourtunities.com";1
"923";"orbys.net";1
"924";"ordinary-times.com";1
"925";"original.antiwar.com";1
"926";"orwellsocietyblog.wordpress.com";1
"927";"otakuohana.com";1
"928";"outline.com";1
"929";"owl.li";1
"930";"owutranscript.com";1
"931";"oxfordre.com";1
"932";"oyaop.com";1
"933";"pagesix.com";1
"934";"pandemicreporting.journalism.cuny.edu";1
"935";"parkmains.com";1
"936";"patreon.com";1
"937";"patriotify.com";1
"938";"paypal.me";1
"939";"pca.st";1
"940";"peggyholman";1
"941";"peoplecentered.net";1
"942";"peoplesdispatch.org";1
"943";"peterborough.lokol.me";1
"944";"pfauth.com";1
"945";"philly.com";1
"946";"phmuseum.com";1
"947";"photocentra.com";1
"948";"photojournalismnow43738385.wordpress.com";1
"949";"photos.app.goo.gl";1
"950";"phys.org";1
"951";"pib.gov.in";1
"952";"picante.today";1
"953";"pin.it";1
"954";"pinterest.se";1
"955";"pitchfork.com";1
"956";"playbackonline.ca";1
"957";"pllqt.it";1
"958";"pltwps.it";1
"959";"pocket.co";1
"960";"poetsrtn";1
"961";"poordomrebellion.net";1
"962";"popmagzne.com";1
"963";"postrecession.com";1
"964";"presscouncil.org.za";1
"965";"pressgazette.co.uk";1
"966";"projects.propublica.org";1
"967";"projects.tampabay.com";1
"968";"propub.li";1
"969";"proudtobewv.blogspot.com";1
"970";"ps-ja.com";1
"971";"psuvanguard.com";1
"972";"pure.northampton.ac.uk";1
"973";"qwiket.com";1
"974";"radicalscholarship.wordpress.com";1
"975";"rappler.com";1
"976";"read.bi";1
"977";"readtheprofile.com";1
"978";"realclearpolitics.com";1
"979";"realotakugamer.com";1
"980";"rebrand.ly";1
"981";"recruiting.adp.com";1
"982";"redcanarycollective.org";1
"983";"redd.it";1
"984";"redeemedcamp.org";1
"985";"remezcla.com";1
"986";"republik.ch";1
"987";"reut.rs";1
"988";"rewire.news";1
"989";"ricochet.media";1
"990";"rightlog.in";1
"991";"risk-monger.com";1
"992";"rismedia.com";1
"993";"rmcohen.substack.com";1
"994";"robbmontgomery.com";1
"995";"roge.rs";1
"996";"rojname.com";1
"997";"rssfeeds.theadvertiser.com";1
"998";"s.hbr.org";1
"999";"s.mlive.com";1
"1000";"s.oregonlive.com";1
"1001";"s2.radio.co";1
"1002";"saltpepper";1
"1003";"sanitybytanmoy.substack.com";1
"1004";"satyavijayi.com";1
"1005";"scheerpost.com";1
"1006";"scholarships.myschoolgist.com";1
"1007";"scs.illinois.edu";1
"1008";"secure.motherjones.com";1
"1009";"sfchsjournalism.ning.com";1
"1010";"shadowproof.com";1
"1011";"share.snippetmedia.com";1
"1012";"sharing.as";1
"1013";"shawneemissionpost.com";1
"1014";"sierraexpressmedia.com";1
"1015";"siliconeer.com";1
"1016";"siliconvalleywatcher.com";1
"1017";"siyasat.net";1
"1018";"slate.trib.al";1
"1019";"socialenterpris.es";1
"1020";"socialpanic.org";1
"1021";"sojoexchange.squarespace.com";1
"1022";"solacewrites.wordpress.com";1
"1023";"somarylandjobs.com";1
"1024";"sourcenews.scot";1
"1025";"spectator.org";1
"1026";"spok.al";1
"1027";"sports.yahoo.com";1
"1028";"springbestmedia.blogspot.com";1
"1029";"ssir.org";1
"1030";"statmodeling.stat.columbia.edu";1
"1031";"steeltruth.com";1
"1032";"stingingfly.org";1
"1033";"store.coloradosun.com";1
"1034";"store.counterpunch.org";1
"1035";"str.sg";1
"1036";"stream.org";1
"1037";"streetwiselibrary.blogspot.com";1
"1038";"striclypopular.blogspot.com";1
"1039";"succeed.you";1
"1040";"sumall.com";1
"1041";"summarynewspaper.com";1
"1042";"support.thetyee.ca";1
"1043";"support.thewire.in";1
"1044";"supportkentbylines-marchforchange.nationbuilder.com";1
"1045";"survivingquarantine.tumblr.com";1
"1046";"susaneswanberg.com";1
"1047";"swazimedia.blogspot.com";1
"1048";"swiftreporters.com";1
"1049";"t.me";1
"1050";"tags.news.com.au";1
"1051";"talkingbiznews.com";1
"1052";"talkingpointsmemo.com";1
"1053";"talkingupscotlandtwo.com";1
"1054";"tass.com";1
"1055";"tcf.org";1
"1056";"teacher.co.ke";1
"1057";"tech.wmlcloud.com";1
"1058";"techrights.org";1
"1059";"teckexperts.com";1
"1060";"teespring.com";1
"1061";"teresatuttle657.wordpress.com";1
"1062";"the-eye.wales";1
"1063";"theantimedia.com";1
"1064";"thebulwark.com";1
"1065";"thebuzzmagazines.com";1
"1066";"thecaliforniaright.com";1
"1067";"thechronicleherald.ca";1
"1068";"thecityng.com";1
"1069";"theconcourse.deadspin.com";1
"1070";"thecreativeindependent.com";1
"1071";"thecrowdfundingcenter.com";1
"1072";"thedailynews.cc";1
"1073";"thedailyreport.ng";1
"1074";"theeagleonline.com.ng";1
"1075";"thefederal.com";1
"1076";"thejournal.ie";1
"1077";"thekashmiriyat.co.uk";1
"1078";"thekashmirwalla.com";1
"1079";"themarshallreport.wordpress.com";1
"1080";"themedialine.org";1
"1081";"themiddleestdaily.com";1
"1082";"theness.com";1
"1083";"thenib.com";1
"1084";"thenumoliblog.blogspot.com";1
"1085";"theoutline.com";1
"1086";"thepakistanpost.net";1
"1087";"thephaser.com";1
"1088";"thepolisproject.com";1
"1089";"thepoliticalinsider.com";1
"1090";"thepostmillennial.com";1
"1091";"theprint.in";1
"1092";"therealdeal.com";1
"1093";"therealnews.com";1
"1094";"therightscoop.com";1
"1095";"thesandpiper.org";1
"1096";"thestateonlinengr.com";1
"1097";"thethunderbeat.org";1
"1098";"thetyee.ca";1
"1099";"thewholestory.solutionsjournalism.org";1
"1100";"thewrite-in.blogspot.com";1
"1101";"thr.cm";1
"1102";"threesixty.stthomas.edu";1
"1103";"times-report.com";1
"1104";"timesofindia.indiatimes.com";1
"1105";"timesofmiddleeast.com";1
"1106";"timworld.info";1
"1107";"tiny.iavian.net";1
"1108";"tl.gd";1
"1109";"toi.in";1
"1110";"toronto.com";1
"1111";"towardsdatascience.com";1
"1112";"toyastales.blogspot.com";1
"1113";"trendsatoz.com";1
"1114";"trimthefatnow.com";1
"1115";"trofire.com";1
"1116";"truepundit.com";1
"1117";"trumpathon.com";1
"1118";"trustmediaus.blogspot.com";1
"1119";"truthout.org";1
"1120";"tulanehullabaloo.com";1
"1121";"turtleboysports.com";1
"1122";"tvnewscheck.com";1
"1123";"tvtime.com";1
"1124";"twi.li";1
"1125";"twitch.tv";1
"1126";"ugmirror.com";1
"1127";"uk.reuters.com";1
"1128";"unama.unmissions.org";1
"1129";"unesdoc.unesco.org";1
"1130";"upliftlibrarybook.blogspot.com";1
"1131";"urbanmilwaukee.com";1
"1132";"us.at";1
"1133";"us.macmillan.com";1
"1134";"us02web.zoom.us";1
"1135";"usr55.dayforcehcm.com";1
"1136";"vancouversun.com";1
"1137";"vanrijmenam.nl";1
"1138";"varia.media";1
"1139";"vcij.org";1
"1140";"velonews.com";1
"1141";"verakabushemeye.blogspot.com";1
"1142";"veroniiiica.com";1
"1143";"verysmartbrothas.theroot.com";1
"1144";"viacomcbs.careers";1
"1145";"videeows.com";1
"1146";"video.foxbusiness.com";1
"1147";"villamedia.nl";1
"1148";"vinceogrady.wordpress.com";1
"1149";"vindicatemj.wordpress.com";1
"1150";"viralfeed.co.za";1
"1151";"vladtepesblog.com";1
"1152";"wadds.co.uk";1
"1153";"walkleys.awardsplatform.com";1
"1154";"wallstreetonparade.com";1
"1155";"wan-ifra.org";1
"1156";"wash.post";1
"1157";"watsupafrica.com";1
"1158";"wattsupwiththat.com";1
"1159";"wayback.archive.org";1
"1160";"weavervilletribune.com";1
"1161";"webadvicer.blogspot.com";1
"1162";"wef.ch";1
"1163";"whilenews.com";1
"1164";"wikileaks.org";1
"1165";"wingsoverscotland.com";1
"1166";"wire.in";1
"1167";"woke.net";1
"1168";"worcesterobserver.co.uk";1
"1169";"wpde.com";1
"1170";"wsu.news";1
"1171";"ww-vb.mine.nu";1
"1172";"www.9news.com.au";1
"1173";"www.aaas.org";1
"1174";"www.aaja.org";1
"1175";"www.academia.edu";1
"1176";"www.activistpost.com";1
"1177";"www.adobe.com";1
"1178";"www.aeromarinetaxpros.com";1
"1179";"www.afterschoolafrica.com";1
"1180";"www.agassizharrisonobserver.com";1
"1181";"www.agendang.com";1
"1182";"www.ai-ap.com";1
"1183";"www.ajc.com";1
"1184";"www.alcaufarvell.com";1
"1185";"www.aljazeera.com";1
"1186";"www.amankaushik.blog";1
"1187";"www.amediaoperator.com";1
"1188";"www.andyworthington.co.uk";1
"1189";"www.animalnewsagency.com";1
"1190";"www.answeringlegal.com";1
"1191";"www.apgpress.com";1
"1192";"www.apstylebook.com";1
"1193";"www.artsjournal.com";1
"1194";"www.atlantamagazine.com";1
"1195";"www.austinticefamily.com";1
"1196";"www.autisminvestigated.com";1
"1197";"www.bakadesuyo.com";1
"1198";"www.balls.ie";1
"1199";"www.baltimoresun.com";1
"1200";"www.bariweiss.com";1
"1201";"www.barrons.com";1
"1202";"www.barstoolsports.com";1
"1203";"www.bashawstar.com";1
"1204";"www.beijingbulletin.com";1
"1205";"www.belfasttelegraph.co.uk";1
"1206";"www.bimm.co.uk";1
"1207";"www.bing.com";1
"1208";"www.bitchute.com";1
"1209";"www.bizcommunity.com";1
"1210";"www.bizpacreview.com";1
"1211";"www.bleedingcool.com";1
"1212";"www.bleedingheartland.com";1
"1213";"www.blog.google";1
"1214";"www.bloombergquint.com";1
"1215";"www.bmj.com";1
"1216";"www.boomercafe.com";1
"1217";"www.bostonglobe.com";1
"1218";"www.boulderweekly.com";1
"1219";"www.bournemouth.ac.uk";1
"1220";"www.breaker.audio";1
"1221";"www.budget.gc.ca";1
"1222";"www.businessfast.co.uk";1
"1223";"www.businessinsider.com";1
"1224";"www.businesspost.ie";1
"1225";"www.buzzfeed.com";1
"1226";"www.c21media.net";1
"1227";"www.camera.org";1
"1228";"www.capetalk.co.za";1
"1229";"www.caughtoffside.com";1
"1230";"www.cbsnews.com";1
"1231";"www.cdotrends.com";1
"1232";"www.change.org";1
"1233";"www.charlestoncitypaper.com";1
"1234";"www.charlotteagenda.com";1
"1235";"www.chch.com";1
"1236";"www.chicagoreader.com";1
"1237";"www.chicagotribune.com";1
"1238";"www.chicksonright.com";1
"1239";"www.chieftain.com";1
"1240";"www.christianitytoday.com";1
"1241";"www.chronicle.com";1
"1242";"www.cisionjobs.co.uk";1
"1243";"www.civilbeat.org";1
"1244";"www.clevescene.com";1
"1245";"www.cnbctv18.com";1
"1246";"www.conservativejunction.com";1
"1247";"www.conservativereview.com";1
"1248";"www.conservativewoman.co.uk";1
"1249";"www.controversyextraordinary.com";1
"1250";"www.coreysdigs.com";1
"1251";"www.counterfire.org";1
"1252";"www.counterpunch.org";1
"1253";"www.courier-journal.com";1
"1254";"www.coveringclimatenow.org";1
"1255";"www.cpr.org";1
"1256";"www.creativity4better.com";1
"1257";"www.cso.ie";1
"1258";"www.curio.io";1
"1259";"www.currentnewsblog.com";1
"1260";"www.cxmagazine.com";1
"1261";"www.dailyjournal.com";1
"1262";"www.dailyposter.com";1
"1263";"www.dailystar.co.uk";1
"1264";"www.dallasobserver.com";1
"1265";"www.dayton.com";1
"1266";"www.dcessays.info";1
"1267";"www.depauw.edu";1
"1268";"www.devdiscourse.com";1
"1269";"www.deviantart.com";1
"1270";"www.dialoguepakistan.com";1
"1271";"www.digitalnewsreport.org";1
"1272";"www.digitalspy.com";1
"1273";"www.digitaltrends.com";1
"1274";"www.directknowledge.com";1
"1275";"www.donegallive.ie";1
"1276";"www.dontspreadmywealth.com";1
"1277";"www.dpreview.com";1
"1278";"www.du.edu";1
"1279";"www.durhamradionews.com";1
"1280";"www.eastbaytimes.com";1
"1281";"www.eater.com";1
"1282";"www.ebooknetworking.net";1
"1283";"www.edristi.in";1
"1284";"www.edu-active.com";1
"1285";"www.edweek.org";1
"1286";"www.efreenews.com";1
"1287";"www.elitesecretservice.com";1
"1288";"www.elkgrovenews.net";1
"1289";"www.elle.com";1
"1290";"www.eonline.com";1
"1291";"www.espn.co.uk";1
"1292";"www.esquiremag.ph";1
"1293";"www.etoro.com";1
"1294";"www.eurasiareview.com";1
"1295";"www.euromomo.eu";1
"1296";"www.eventbrite.co.uk";1
"1297";"www.extension.harvard.edu";1
"1298";"www.fact-checkghana.com";1
"1299";"www.fas.harvard.edu";1
"1300";"www.fastcompany.com";1
"1301";"www.fatherly.com";1
"1302";"www.fathommag.com";1
"1303";"www.featureshoot.com";1
"1304";"www.fginsight.com";1
"1305";"www.firstpost.com";1
"1306";"www.flavorwire.com";1
"1307";"www.floridaphoenix.com";1
"1308";"www.fort-russ.com";1
"1309";"www.fox2detroit.com";1
"1310";"www.freep.com";1
"1311";"www.frontpagemag.com";1
"1312";"www.full-potential.info";1
"1313";"www.futurehealth.live";1
"1314";"www.gamejournalismjobs.com";1
"1315";"www.garciamedia.com";1
"1316";"www.gatestoneinstitute.org";1
"1317";"www.gbcghanaonline.com";1
"1318";"www.geospatialworld.net";1
"1319";"www.ghbase.com";1
"1320";"www.glamour.com";1
"1321";"www.globalcitizen.org";1
"1322";"www.globaldiasporanews.com";1
"1323";"www.globallyrecruit.com";1
"1324";"www.gmanetwork.com";1
"1325";"www.goabroad.com";1
"1326";"www.google.ca";1
"1327";"www.gov.uk";1
"1328";"www.governing.com";1
"1329";"www.gq.com";1
"1330";"www.grammarphobia.com";1
"1331";"www.greanvillepost.com";1
"1332";"www.grocotts.co.za";1
"1333";"www.gulftoday.ae";1
"1334";"www.gulte.com";1
"1335";"www.hcn.org";1
"1336";"www.healthnewsreview.org";1
"1337";"www.heraldsun.com.au";1
"1338";"www.hercampus.com";1
"1339";"www.hhhistory.com";1
"1340";"www.hindujagruti.org";1
"1341";"www.hiseye.org";1
"1342";"www.hollywoodreporter.com";1
"1343";"www.hrw.org";1
"1344";"www.hubspot.com";1
"1345";"www.ibj.com";1
"1346";"www.ibp.org.uk";1
"1347";"www.icbhr.com";1
"1348";"www.ign.com";1
"1349";"www.imdb.com";1
"1350";"www.imglory.net";1
"1351";"www.indcatholicnews.com";1
"1352";"www.independentsentinel.com";1
"1353";"www.indexjournal.com";1
"1354";"www.indexoncensorship.org";1
"1355";"www.informationclearinghouse.info";1
"1356";"www.inma.org";1
"1357";"www.insidecoxgo.com";1
"1358";"www.insidehighered.com";1
"1359";"www.insidekashmir.net";1
"1360";"www.inspiringstem.org";1
"1361";"www.inventiva.co.in";1
"1362";"www.inverse.com";1
"1363";"www.iol.co.za";1
"1364";"www.iphoneincanada.ca";1
"1365";"www.ipsnews.net";1
"1366";"www.irrawaddy.com";1
"1367";"www.iwmf.org";1
"1368";"www.jihadwatch.org";1
"1369";"www.jiscmail.ac.uk";1
"1370";"www.jomec.co.uk";1
"1371";"www.jonathan-cook.net";1
"1372";"www.journal-isms.com";1
"1373";"www.journalismaifestival.com";1
"1374";"www.journalismfestival.com";1
"1375";"www.journalismpakistan.com";1
"1376";"www.jsonline.com";1
"1377";"www.jta.org";1
"1378";"www.kalw.org";1
"1379";"www.kappanonline.org";1
"1380";"www.kcchronicle.com";1
"1381";"www.kettlemag.co.uk";1
"1382";"www.khabarbar.com";1
"1383";"www.kommersant.ru";1
"1384";"www.kstatecollegian.com";1
"1385";"www.kvpr.org";1
"1386";"www.lansingstatejournal.com";1
"1387";"www.lastampa.it";1
"1388";"www.lataco.com";1
"1389";"www.laterpay.net";1
"1390";"www.lawsociety.org.nz";1
"1391";"www.lbbonline.com";1
"1392";"www.lcsun-news.com";1
"1393";"www.ledburyreporter.co.uk";1
"1394";"www.lemonde.fr";1
"1395";"www.lenfestinstitute.org";1
"1396";"www.lifenews.com";1
"1397";"www.livelaw.in";1
"1398";"www.liverpoolecho.co.uk";1
"1399";"www.lividul.info";1
"1400";"www.living-corporate.com";1
"1401";"www.localmedia.org";1
"1402";"www.macrumors.com";1
"1403";"www.malaymail.com";1
"1404";"www.manchestereveningnews.co.uk";1
"1405";"www.manilatimes.net";1
"1406";"www.manxradio.com";1
"1407";"www.marketingweek.com";1
"1408";"www.marzlovesfreedom.com";1
"1409";"www.mbeleacademy.org";1
"1410";"www.mbs.news";1
"1411";"www.meaa.org";1
"1412";"www.mediapost.com";1
"1413";"www.meetup.com";1
"1414";"www.michaelwest.com.au";1
"1415";"www.mikesmithenterprisesblog.com";1
"1416";"www.militarytimes.com";1
"1417";"www.minds.com";1
"1418";"www.mlb.com";1
"1419";"www.msnbc.com";1
"1420";"www.mxmindia.com";1
"1421";"www.myrtlebeachonline.com";1
"1422";"www.nairapark.com";1
"1423";"www.nakedcapitalism.com";1
"1424";"www.nationalaffairs.com";1
"1425";"www.naturalnews.com";1
"1426";"www.nbc15.com";1
"1427";"www.nbcnewyork.com";1
"1428";"www.ncpolicywatch.com";1
"1429";"www.ncvo.org.uk";1
"1430";"www.netflix.com";1
"1431";"www.newlyswissed.com";1
"1432";"www.news.com.au";1
"1433";"www.news18.com";1
"1434";"www.news24.com";1
"1435";"www.newsandguts.com";1
"1436";"www.newseum.org";1
"1437";"www.nippon.com";1
"1438";"www.nola.com";1
"1439";"www.northjersey.com";1
"1440";"www.northumberlandgazette.co.uk";1
"1441";"www.notion.so";1
"1442";"www.nprillinois.org";1
"1443";"www.nst.com.my";1
"1444";"www.nuigalway.ie";1
"1445";"www.nybooks.com";1
"1446";"www.nytco.com";1
"1447";"www.oann.com";1
"1448";"www.ocregister.com";1
"1449";"www.offassignment.com";1
"1450";"www.oneangrygamer.net";1
"1451";"www.oneindia.com";1
"1452";"www.openculture.com";1
"1453";"www.orlandosentinel.com";1
"1454";"www.outlookindia.com";1
"1455";"www.outsideonline.com";1
"1456";"www.oxfordatcountryclub.com";1
"1457";"www.palatinate.org.uk";1
"1458";"www.pantagraph.com";1
"1459";"www.paulcraigroberts.org";1
"1460";"www.pbs.org";1
"1461";"www.pe.com";1
"1462";"www.peacefmonline.com";1
"1463";"www.peachtreehoops.com";1
"1464";"www.pehalnews.in";1
"1465";"www.pentictonwesternnews.com";1
"1466";"www.perell.com";1
"1467";"www.peterbcollins.com";1
"1468";"www.pilotonline.com";1
"1469";"www.piratemedia1.com";1
"1470";"www.plymouthherald.co.uk";1
"1471";"www.podbean.com";1
"1472";"www.polisonline.com.ng";1
"1473";"www.politicalislam.com";1
"1474";"www.politikpoker.com";1
"1475";"www.ponte.ufpr.br";1
"1476";"www.popphoto.com";1
"1477";"www.powerlineblog.com";1
"1478";"www.powerplays.news";1
"1479";"www.pr.com";1
"1480";"www.prdaily.com";1
"1481";"www.premiumtimesng.com";1
"1482";"www.printmag.com";1
"1483";"www.projectveritas.com";1
"1484";"www.pulitzer.org";1
"1485";"www.qatarisbooming.com";1
"1486";"www.quora.com";1
"1487";"www.radio.com";1
"1488";"www.rangstoshiba.com";1
"1489";"www.realworldphotographs.com";1
"1490";"www.recode.net";1
"1491";"www.redbrick.me";1
"1492";"www.refinery29.com";1
"1493";"www.releasemama.com";1
"1494";"www.remainunited.org";1
"1495";"www.riverfronttimes.com";1
"1496";"www.robertfeder.com";1
"1497";"www.rockpapershotgun.com";1
"1498";"www.rollingstone.com";1
"1499";"www.s1jobs.com";1
"1500";"www.sagagist.com.ng";1
"1501";"www.samacharplus.com";1
"1502";"www.seattletimes.com";1
"1503";"www.securityweek.com";1
"1504";"www.seek.com.au";1
"1505";"www.sej.org";1
"1506";"www.shropshirestar.com";1
"1507";"www.shutter16.com";1
"1508";"www.siasat.com";1
"1509";"www.siegemedia.com";1
"1510";"www.skeptic.com";1
"1511";"www.skysports.com";1
"1512";"www.slamonline.com";1
"1513";"www.slashfilm.com";1
"1514";"www.slideshare.net";1
"1515";"www.slj.com";1
"1516";"www.sltrib.com";1
"1517";"www.snap-raise.com";1
"1518";"www.sobrosnetwork.com";1
"1519";"www.speakmedia.co.uk";1
"1520";"www.speedessays.com";1
"1521";"www.spot.im";1
"1522";"www.sramanamitra.com";1
"1523";"www.stalkerzone.org";1
"1524";"www.standard.co.uk";1
"1525";"www.standardmedia.co.ke";1
"1526";"www.statesman.com";1
"1527";"www.stgeorgeutah.com";1
"1528";"www.stlamerican.com";1
"1529";"www.storybench.org";1
"1530";"www.streamsemester.com";1
"1531";"www.stripes.com";1
"1532";"www.subscriptioninsider.com";1
"1533";"www.supremecourt.gov.pk";1
"1534";"www.tabletmag.com";1
"1535";"www.tasteofhome.com";1
"1536";"www.teacher.com.ng";1
"1537";"www.tech-news.today";1
"1538";"www.techinvestornews.com";1
"1539";"www.technologyreview.com";1
"1540";"www.ted.com";1
"1541";"www.theadanews.com";1
"1542";"www.theadvocate.com";1
"1543";"www.theamericanconservative.com";1
"1544";"www.theapricity.com";1
"1545";"www.theaugust.com";1
"1546";"www.thechhattisgarh.com";1
"1547";"www.thecogitiontree.com";1
"1548";"www.thecognitiontree.com";1
"1549";"www.thecollegeview.com";1
"1550";"www.thedenverchannel.com";1
"1551";"www.theepochtimes.com";1
"1552";"www.thegazette.com";1
"1553";"www.theghanareport.com";1
"1554";"www.theimpulsivebuy.com";1
"1555";"www.theinformation.com";1
"1556";"www.thejournal.ie";1
"1557";"www.thelastamericanvagabond.com";1
"1558";"www.theleader.com.au";1
"1559";"www.thelmawells.com";1
"1560";"www.themalaysianinsight.com";1
"1561";"www.thenational.scot";1
"1562";"www.theoxfordblue.co.uk";1
"1563";"www.thephoblographer.com";1
"1564";"www.thereframer.org";1
"1565";"www.theringer.com";1
"1566";"www.therussophile.org";1
"1567";"www.thestranger.com";1
"1568";"www.theverge.com";1
"1569";"www.thevoiceofcitizens.com";1
"1570";"www.thirdsector.co.uk";1
"1571";"www.thomhartmann.com";1
"1572";"www.timeout.com";1
"1573";"www.timeslive.co.za";1
"1574";"www.timesofisrael.com";1
"1575";"www.tinyurl.com";1
"1576";"www.tmz.com";1
"1577";"www.today.ng";1
"1578";"www.travelboldly.com";1
"1579";"www.tribuneindia.com";1
"1580";"www.truthdig.com";1
"1581";"www.udemy.com";1
"1582";"www.ujxclusive.com";1
"1583";"www.universetoday.com";1
"1584";"www.updatemywardrobe.online";1
"1585";"www.usnews.com";1
"1586";"www.utahinvestigative.org";1
"1587";"www.victoris.be";1
"1588";"www.voltairenet.org";1
"1589";"www.vubblepop.com";1
"1590";"www.washingtonblade.com";1
"1591";"www.waterbear.org.uk";1
"1592";"www.watfordobserver.co.uk";1
"1593";"www.way2college.com";1
"1594";"www.wbur.org";1
"1595";"www.wcpo.com";1
"1596";"www.wdam.com";1
"1597";"www.weeklystandard.com";1
"1598";"www.westword.com";1
"1599";"www.whenjournalismfails.com";1
"1600";"www.who.int";1
"1601";"www.wikileaks.org";1
"1602";"www.wired.co.uk";1
"1603";"www.wired.it";1
"1604";"www.wkms.org";1
"1605";"www.wonkette.com";1
"1606";"www.worcesternews.co.uk";1
"1607";"www.worldcatholicnews.com";1
"1608";"www.worldnewsland.com";1
"1609";"www.worldwideexperts.club";1
"1610";"www.wsws.org";1
"1611";"www.wtol.com";1
"1612";"www.wtsp.com";1
"1613";"www.yardbarker.com";1
"1614";"www.yorkshirepost.co.uk";1
"1615";"www.youthjournalism.org";1
"1616";"www.youthkiawaaz.com";1
"1617";"xlr8r.com";1
"1618";"xn--mdiapart-b1a.fr";1
"1619";"xraytechniciancertification.org";1
"1620";"youallmedia.blogspot.com";1
"1621";"yourtruth2day.blogspot.com";1
"1622";"youtube.com";1
"1623";"zenith.news";1
"1624";"zla.biz";1
"1625";"zurl.co";1
